Model,Test Accuracy,CV Mean
K-Nearest Neighbors,0.9555555555555556,0.96
Logistic Regression,0.9555555555555556,0.9600000000000002
Linear SVM,0.9777777777777777,0.9666666666666668
RBF SVM,0.9555555555555556,0.9666666666666666
Naive Bayes,0.9555555555555556,0.9533333333333334
LDA,0.9777777777777777,0.9800000000000001
Decision Tree,0.9777777777777777,0.9533333333333334
Random Forest,0.9555555555555556,0.9666666666666668
Gradient Boosting,0.9777777777777777,0.9666666666666668
